{
    "features": 19611.225256204605,
    "process_features_model_1_multimer_v3_pred_0": 4.0531158447265625e-06,
    "predict_and_compile_model_1_multimer_v3_pred_0": 812.0335137844086,
    "process_features_model_1_multimer_v3_pred_1": 1.33514404296875e-05,
    "predict_and_compile_model_1_multimer_v3_pred_1": 695.8171133995056,
    "process_features_model_1_multimer_v3_pred_2": 1.9788742065429688e-05,
    "predict_and_compile_model_1_multimer_v3_pred_2": 597.5191588401794,
    "process_features_model_1_multimer_v3_pred_3": 2.0265579223632812e-05,
    "predict_and_compile_model_1_multimer_v3_pred_3": 696.6764984130859,
    "process_features_model_1_multimer_v3_pred_4": 1.8596649169921875e-05,
    "predict_and_compile_model_1_multimer_v3_pred_4": 499.1731700897217,
    "process_features_model_2_multimer_v3_pred_0": 1.9311904907226562e-05,
    "predict_and_compile_model_2_multimer_v3_pred_0": 568.6174676418304,
    "process_features_model_2_multimer_v3_pred_1": 1.239776611328125e-05,
    "predict_and_compile_model_2_multimer_v3_pred_1": 499.8251667022705,
    "process_features_model_2_multimer_v3_pred_2": 1.9311904907226562e-05,
    "predict_and_compile_model_2_multimer_v3_pred_2": 598.3552277088165,
    "process_features_model_2_multimer_v3_pred_3": 8.344650268554688e-06,
    "predict_and_compile_model_2_multimer_v3_pred_3": 499.709347486496,
    "process_features_model_2_multimer_v3_pred_4": 1.0728836059570312e-05,
    "predict_and_compile_model_2_multimer_v3_pred_4": 795.7124140262604,
    "process_features_model_3_multimer_v3_pred_0": 9.5367431640625e-06,
    "predict_and_compile_model_3_multimer_v3_pred_0": 865.3279304504395,
    "process_features_model_3_multimer_v3_pred_1": 1.1444091796875e-05,
    "predict_and_compile_model_3_multimer_v3_pred_1": 400.650675535202,
    "process_features_model_3_multimer_v3_pred_2": 1.1205673217773438e-05,
    "predict_and_compile_model_3_multimer_v3_pred_2": 598.2481017112732,
    "process_features_model_3_multimer_v3_pred_3": 1.0013580322265625e-05,
    "predict_and_compile_model_3_multimer_v3_pred_3": 499.7053499221802,
    "process_features_model_3_multimer_v3_pred_4": 1.2159347534179688e-05,
    "predict_and_compile_model_3_multimer_v3_pred_4": 598.7650926113129,
    "process_features_model_4_multimer_v3_pred_0": 9.059906005859375e-06,
    "predict_and_compile_model_4_multimer_v3_pred_0": 569.5661854743958,
    "process_features_model_4_multimer_v3_pred_1": 8.106231689453125e-06,
    "predict_and_compile_model_4_multimer_v3_pred_1": 687.8287827968597,
    "process_features_model_4_multimer_v3_pred_2": 1.0013580322265625e-05,
    "predict_and_compile_model_4_multimer_v3_pred_2": 395.74878334999084,
    "process_features_model_4_multimer_v3_pred_3": 1.049041748046875e-05,
    "predict_and_compile_model_4_multimer_v3_pred_3": 493.2102372646332,
    "process_features_model_4_multimer_v3_pred_4": 1.0251998901367188e-05,
    "predict_and_compile_model_4_multimer_v3_pred_4": 590.4655473232269,
    "process_features_model_5_multimer_v3_pred_0": 4.291534423828125e-06,
    "predict_and_compile_model_5_multimer_v3_pred_0": 1536.6694331169128,
    "process_features_model_5_multimer_v3_pred_1": 1.3828277587890625e-05,
    "predict_and_compile_model_5_multimer_v3_pred_1": 687.5909023284912,
    "process_features_model_5_multimer_v3_pred_2": 7.152557373046875e-06,
    "predict_and_compile_model_5_multimer_v3_pred_2": 1369.065271615982,
    "process_features_model_5_multimer_v3_pred_3": 1.1444091796875e-05,
    "predict_and_compile_model_5_multimer_v3_pred_3": 687.7347798347473,
    "process_features_model_5_multimer_v3_pred_4": 3.5762786865234375e-06,
    "predict_and_compile_model_5_multimer_v3_pred_4": 687.7839360237122,
    "relax_model_4_multimer_v3_pred_3": 277.5636019706726,
    "relax_model_4_multimer_v3_pred_4": 275.98616313934326,
    "relax_model_4_multimer_v3_pred_1": 167.82790970802307,
    "relax_model_4_multimer_v3_pred_2": 170.79484868049622,
    "relax_model_4_multimer_v3_pred_0": 276.7527937889099,
    "relax_model_5_multimer_v3_pred_4": 374.96051144599915,
    "relax_model_5_multimer_v3_pred_0": 381.09628033638,
    "relax_model_1_multimer_v3_pred_2": 166.17476296424866,
    "relax_model_1_multimer_v3_pred_4": 167.18206572532654,
    "relax_model_5_multimer_v3_pred_1": 379.74143862724304,
    "relax_model_2_multimer_v3_pred_1": 170.2177221775055,
    "relax_model_2_multimer_v3_pred_3": 166.44833993911743,
    "relax_model_2_multimer_v3_pred_0": 168.35075092315674,
    "relax_model_5_multimer_v3_pred_3": 378.8736605644226,
    "relax_model_1_multimer_v3_pred_3": 164.82062411308289,
    "relax_model_5_multimer_v3_pred_2": 165.38088035583496,
    "relax_model_1_multimer_v3_pred_1": 169.28859853744507,
    "relax_model_1_multimer_v3_pred_0": 166.3510069847107,
    "relax_model_3_multimer_v3_pred_3": 272.3940258026123,
    "relax_model_3_multimer_v3_pred_2": 166.46640014648438,
    "relax_model_2_multimer_v3_pred_4": 166.7849521636963,
    "relax_model_3_multimer_v3_pred_1": 170.4304656982422,
    "relax_model_2_multimer_v3_pred_2": 276.4316556453705,
    "relax_model_3_multimer_v3_pred_4": 385.28221893310547,
    "relax_model_3_multimer_v3_pred_0": 171.96479678153992
}